file,sentence
ChE01.mp3,"Chess likely originated in sixth-century India, where a war-game called chaturanga simulated early battlefield tactics on a checkered board."
ChE02.mp3,"Chess spread to Persia, evolving into shatranj, an early variant that modified piece moves and terminology significantly over time."
ChE03.mp3,"Following its Persian phase, chess spread throughout the Islamic world, where scholars refined the rules and artistic style of the pieces."
ChE04.mp3,"During the Middle Ages, Moorish scholars carried chess into Spain, from which the game gradually permeated courts and monasteries across Europe."
ChE05.mp3,"Medieval Europeans warmly adopted chess, celebrating it as a refined contest of strategic ingenuity and aristocratic honour during banquets and gatherings."
ChE06.mp3,"The earliest chess pieces symbolised distinct military units, a clear reminder that the original game was conceived as battlefield simulation training."
ChE07.mp3,"By the late fifteenth century in Europe, the modest adviser piece transformed into the queen, suddenly becoming the board’s most powerful attacker."
ChE08.mp3,"Special manoeuvres such as castling, en passant captures, and pawn promotion were incorporated gradually, adding tactical depth and excitement to chess."
ChE09.mp3,"Artisans crafted the earliest known chess sets from readily available materials, including polished wood, carved ivory, and carefully chipped stone pieces."
ChE10.mp3,"The design and decorative style of chess pieces usually mirrored local artistic traditions, reflecting regional culture, religious beliefs, and aesthetic preferences."
ChE11.mp3,"Throughout medieval Europe, chess gained a reputation as a gentleman’s pastime, flourishing among nobles who valued strategic entertainment and intellectual prestige."
ChE12.mp3,"Renaissance-era treatises systematically documented openings and endgames, gradually standardising chess rules across diverse European kingdoms and scholarly circles alike."
ChE13.mp3,"In thirteenth-century Castile, King Alfonso X commissioned the illustrated Libro de los Juegos, producing one of history’s earliest comprehensive manuals on chess strategy."
ChE14.mp3,"After Gutenberg’s printing press emerged, chess books multiplied rapidly, circulating openings, annotated games, and instructional ideas throughout Europe’s burgeoning reading public."
ChE15.mp3,"During the nineteenth century, formally organised chess tournaments appeared, enabling masters to compete regularly and establish reputations beyond casual club play."
ChE16.mp3,"In 1886, Steinitz and Zukertort contested the inaugural official World Chess Championship, establishing a formal lineage of recognised global champions."
ChE17.mp3,"Over several centuries, cumbersome descriptive notation gradually gave way to the concise algebraic system now universally used to record and analyse chess games."
ChE18.mp3,"Throughout the twentieth century, chess popularity surged worldwide, boosted by mass media coverage, school programs, and dramatic Cold War championship rivalries."
ChE19.mp3,"Educators increasingly recognise chess as an engaging tool for cultivating strategic thought, foresight, and adaptable problem-solving skills among learners of every age."
ChE20.mp3,"Across history, countless renowned individuals—from medieval monarchs to Enlightenment philosophers—have pursued chess avidly, using the game to sharpen intellectual faculties."
ChE21.mp3,"Beginning in the mid-twentieth century, the Soviet chess school dominated international competition, producing successive world champions and pioneering rigorous scientific preparation."
ChE22.mp3,"Founded in Paris during 1924, the Fédération Internationale des Échecs (FIDE) began coordinating tournaments and standardising regulations for competitive chess worldwide."
ChE23.mp3,"Local chess clubs and societies have long provided gathering spaces where enthusiasts study openings, replay famous games, and sustain the game’s vibrant culture."
ChE24.mp3,"Chess’s enduring allure has inspired an abundant legacy of books, films, paintings, and musical compositions that explore strategy, rivalry, and human creativity."
ChE25.mp3,"The long evolution of chess mirrors centuries of cultural exchange between Eastern and Western societies, highlighting how ideas travel, merge, and transform."
ChE26.mp3,"Because chess originated as a battlefield model, its pieces and moves still symbolise tactical manoeuvres that echo real-world principles of military strategy."
ChE27.mp3,"Rapid advances in computer technology—from desktop engines to neural networks—have revolutionised chess analysis, training regimes, and even the nature of competitive play."
ChE28.mp3,"Modern online chess platforms now connect millions worldwide, enabling instant matches, live commentary, and vibrant learning communities across time zones."
ChE29.mp3,"Diverse time-controls such as blitz, rapid, classical, and correspondence chess accommodate differing temperaments, from adrenaline-fueled tacticians to patient long-term strategists."
ChE30.mp3,"Chess composition traditions produce intricate puzzles that challenge players’ creativity, demanding precise calculation and imaginative sacrifices to reach a stipulated objective."
ChH01.mp3,"Philological analyses of ancient Sanskrit treatises reveal that chaturanga was deeply woven into sixth-century military strategy handbooks and tactical discussions."
ChH02.mp3,"Transition from chaturanga to shatranj involved major changes in piece movement and symbolism, confirmed by early Persian manuscripts detailing experimental rule shifts."
ChH03.mp3,"Archaeological digs in northern India uncovered Gupta-period chess pieces, providing concrete material evidence that organised chess was practised during that dynasty."
ChH04.mp3,"Persian scholars such as Abu Bakr al-Khalil authored detailed treatises on shatranj strategy that foreshadow foundational ideas in modern combinatorial game theory."
ChH05.mp3,"As chess traversed the Islamic world, repeated translations of core treatises produced heterogeneous regional rule sets now preserved in diverse manuscript traditions."
ChH06.mp3,"Historians link the queen’s fifteenth-century power surge to European sociopolitical changes and the heightened visibility of influential female sovereigns."
ChH07.mp3,"Cross-comparison of fifteenth-century European chess manuals shows pronounced regional disparities concerning castling conventions and specific criteria for promoting pawns."
ChH08.mp3,"The nineteenth-century switch from descriptive to algebraic notation revolutionised how players recorded, exchanged, and systematically analysed chess games worldwide."
ChH09.mp3,"Early chess problems, dubbed “mansions of chess,” showcase intricate tactical motifs that continue challenging historians and modern engine-assisted analysts alike."
ChH10.mp3,"Enlightenment chess treatises fused contemporary mathematical principles with strategic reflections, exemplifying the era’s fascination with rational inquiry and proto-game-theoretic reasoning."
ChH11.mp3,"Formal codification of chess rules within European courts paralleled developing legal systems, as evident in surviving decrees regulating play and gambling etiquette."
ChH12.mp3,"Close examination of Alfonso X’s illustrated Libro de los Juegos uncovers advanced positional evaluations and strategic counsel subsequently echoed by later theoreticians.
ChH13.mp3,"Etymological research tracing chess terminology reveals Silk Road transmission pathways, highlighting the game’s integration within early transcontinental cultural exchange networks."
ChH14.mp3,"Scholars retrospectively apply Nash equilibrium and other game-theoretic concepts to classical openings, generating fresh insights into historical strategic choices."
ChH15.mp3,"The Soviet chess school blended psychological conditioning with exhaustive theoretical study, creating an unprecedented training model that redefined twentieth-century competitive standards."
ChH16.mp3,"Analyses of surviving medieval chess sets show regional artisans employed distinctive iconography, reflecting local religious symbolism and cultural identity through carved motifs."
ChH17.mp3,"The printing press accelerated Renaissance dissemination of chess knowledge, quickly standardising rulebooks and facilitating scholarly correspondence across disparate European centres."
ChH18.mp3,"Computer-assisted reanalysis of celebrated historical games frequently uncovers subtle strategic misjudgements, prompting comprehensive re-evaluation of long-standing classical chess doctrines."
ChH19.mp3,"Nineteenth-century international tournaments created fertile conditions for systematic investigation of opening repertoires, catalysing evolution of theory through competitive cross-pollination."
ChH20.mp3,"Interdisciplinary studies combining archaeology, philology, and art history yield nuanced perspectives on chess’s cultural migration from Asian courts to medieval Europe."
ChH21.mp3,"The exclamation “checkmate” derives from Persian “Shah Mat,” a linguistic lineage emphasising enduring historical bonds linking chess to Persian culture."
ChH22.mp3,"Digital humanities approaches enable scholars to virtually reconstruct lost medieval chess treatises through meticulous comparative transcription and computational textual analysis."
ChH23.mp3,"Statistical examination of historical tournament scorebooks maps evolving opening strategies, revealing temporal shifts in dominant lines and associated performance outcomes."
ChH24.mp3,"Introducing chess into early twentieth-century curricula reflected empirical studies demonstrating the game’s capacity to enhance students’ abstract reasoning and concentration skills.
ChH25.mp3,"Eighteenth-century chess compositions exhibit principles of mathematical induction, arranging multi-solution problems that anticipated later formal approaches to constructive proofs."
ChH26.mp3,"Sixteenth- and seventeenth-century treatises explicitly likened chess strategy to statecraft, underscoring the game’s powerful resonance as a political allegory."
ChH27.mp3,"Archival discoveries of extensive correspondence among early masters reveal ardent debates over rule variations and nascent innovations in opening theory."
ChH28.mp3,"Comparative analyses of European chess with xiangqi and shogi suggest local warfare traditions significantly shaped region-specific rule adaptations and piece functions."
ChH29.mp3,"Computer chess’s late twentieth-century ascent prompted historians to revisit classic matches using machine-learning algorithms, yielding novel perspectives on historical decision processes."
ChH30.mp3,"Archival evidence shows the twentieth-century introduction of chess clocks dramatically transformed competitive dynamics by institutionalising time management as a strategic resource."
ClE01.mp3,"Clouds are visible clusters of countless tiny water droplets or ice crystals that float together, suspended within Earth’s lower atmosphere."
ClE02.mp3,"Clouds form whenever warm, moisture-laden air ascends, cools to its dew point, and forces invisible water vapour to condense."
ClE03.mp3,"The vast majority of clouds develop inside the troposphere, which is the lowest and densest layer of Earth’s atmosphere."
ClE04.mp3,"Meteorologists group clouds into common types such as puffy cumulus, layered stratus, wispy cirrus, and rain-producing nimbus distinct varieties."
ClE05.mp3,"Cumulus clouds appear as bright, fluffy white heaps that typically dot the sky on warm, fair-weather, sunshine-filled pleasant afternoons."
ClE06.mp3,"Stratus clouds spread into a broad, grayish sheet that blankets the sky and can deliver persistent light rain, mist, or drizzle."
ClE07.mp3,"Delicate cirrus clouds trace high, feathery streaks across the upper troposphere, composed almost entirely of minute, glinting ice crystals."
ClE08.mp3,"Dark nimbus clouds typically signal impending precipitation, indicating that rain, sleet, or snow may soon reach the ground nearby."
ClE09.mp3,"Fog is essentially a ground-level cloud, developing when near-surface air becomes sufficiently cool and moist for water vapour to condense."
ClE10.mp3,"By reflecting incoming sunlight and trapping outgoing heat, clouds play a crucial role in regulating Earth’s overall energy budget and temperature."
ClE11.mp3,"Forming, moving, and raining, clouds are integral to the water cycle, eventually releasing stored moisture back to Earth as precipitation."
ClE12.mp3,"For centuries, farmers, sailors, and scientists have watched cloud shapes and movement to anticipate approaching weather changes and plan activities."
ClE13.mp3,"Cloud appearances can alter rapidly because even slight shifts in air temperature and wind speed reshape their structure, thickness, and altitude."
ClE14.mp3,"Observing which cloud types dominate the sky helps forecasters judge whether fair weather, storms, or advancing warm and cold fronts are imminent."
ClE15.mp3,"Towering, dark cumulonimbus clouds accompany thunderstorms, generating powerful updrafts that spawn lightning, loud thunder, gusty winds, and intense, soaking rain."
ClE16.mp3,"Under certain light conditions, clouds scatter sunlight into captivating optical displays, producing colourful rainbows, glowing halos, and shimmering sundogs across the sky."
ClE17.mp3,"Clouds occupy many altitudes, ranging from low fog just meters above ground to high cirrus formations soaring several kilometres into the atmosphere."
ClE18.mp3,"Whenever surrounding air remains above freezing, clouds consist primarily of liquid water droplets rather than ice, giving them softer, more rounded outlines."
ClE19.mp3,"Under colder atmospheric conditions, water vapour crystallises directly into ice, so resulting clouds are composed of sparkling hexagonal ice crystals."
ClE20.mp3,"Careful observation of cloud cover remains a fundamental, low-tech technique that forecasters use to anticipate short-term local weather shifts."
ClE21.mp3,"Meteorologists analyse continuous satellite imagery to track global cloud patterns, refine numerical models, and thereby produce more accurate, timely weather forecasts."
ClE22.mp3,"Changes in cloud shape, height, and sequence often indicate that a warm or cold front, or potentially a storm system, is approaching."
ClE23.mp3,"A cloud’s density and thickness determine its albedo, controlling how effectively sunlight is reflected back into space and thus influence global climate."
ClE24.mp3,"During sunny afternoons, scattered cumulus clouds drift lazily overhead, casting fleeting shadows and painting ever-changing, picturesque patterns across the blue sky."
ClE25.mp3,"High-altitude clouds, especially cirrus, occupy regions above roughly twenty-thousand feet, where frigid temperatures ensure they consist entirely of delicate ice crystals."
ClE26.mp3,"Low-level cloud forms, including stratus sheets and ground-hugging fog, develop close to Earth’s surface within the cool, moist boundary layer."
ClE27.mp3,"Microscopic aerosols known as condensation nuclei provide surfaces on which water vapour can condense, making them essential for initiating cloud droplet formation."
ClE28.mp3,"Because clouds reflect a portion of incoming solar radiation back to space, they contribute to cooling Earth’s surface and moderating daytime temperatures."
ClE29.mp3,"Certain low, thick clouds act like insulating blankets, trapping long-wave heat beneath them overnight and thereby enhancing the natural atmospheric greenhouse effect."
ClE30.mp3,"Large-scale wind patterns and shifting atmospheric pressure zones steer moisture, shaping where clouds develop and dictating how they drift, grow, and dissipate."
ClH01.mp3,"Cloud microphysics investigates how atmospheric aerosols function as condensation nuclei, initiating the formation of liquid droplets and crystalline ice within clouds."
ClH02.mp3,"Rising air parcels undergo adiabatic cooling; once temperatures reach the local dew point, water vapor condenses into cloud droplets."
ClH03.mp3,"The Bergeron–Findeisen process describes ice crystal growth within mixed-phase clouds, where vapor deposition steals moisture from surrounding supercooled droplets."
ClH04.mp3,"In stratocumulus decks, radiative cooling at the cloud top intensifies turbulence, accelerating entrainment processes that eventually thin and dissipate the layer."
ClH05.mp3,"Because latent heat release slows the moist adiabatic lapse rate relative to the dry, this gradient controls convective cloud growth and extent."
ClH06.mp3,"Supercooled liquid droplets persist within sub-zero clouds until colliding with an efficient ice-nucleating particle, which catalyses their rapid freezing transition."
ClH07.mp3,"Vigorous updrafts within cumulonimbus storms build towering convective columns, while compensating downdrafts shape anvils that occasionally penetrate the tropopause boundary."
ClH08.mp3,"When moist airflow encounters mountains, orographic lifting forces ascent, inducing adiabatic cooling and spawning distinctive cloud banks hugging windward slopes."
ClH09.mp3,"Microscopic cloud condensation nuclei—originating from sea salt, dust, or anthropogenic pollution—provide surfaces that initiate liquid droplet formation within nascent clouds."
ClH10.mp3,"Within clouds, radiative transfer comprises intertwined scattering and absorption interactions, collectively modulating Earth’s energy balance and influencing regional climate feedbacks."
ClH11.mp3,"Cirrus cloud evolution depends on competing sublimation and gravitational sedimentation of ice crystals drifting through the frigid, moisture-starved upper troposphere."
ClH12.mp3,"A cloud’s optical depth, governed by droplet concentration and size distribution, directly controls its reflectivity—known as albedo—within the solar spectrum."
ClH13.mp3,"Virga describes precipitation that evaporates before surface contact, frequently observed beneath thin, high-base clouds traversing layers of exceptionally dry air."
ClH14.mp3,"Mesoscale convective systems comprise coherent thunderstorm clusters whose combined updrafts generate sprawling stratiform rain shields and far-reaching anvil cloud canopies.
ClH15.mp3,"Changes in ambient aerosol concentration modify cloud microphysics by adjusting droplet numbers and sizes, thereby altering precipitation efficiency and overall cloud lifetime."
ClH16.mp3,"Localised surface heating and evolving atmospheric instability can transform blanketlike stratocumulus into discrete cumulus elements, profoundly altering cloud field morphology."
ClH17.mp3,"When vertical wind shear interacts with vigorous convective updrafts, cloud towers tilt, producing elongated, asymmetric structures characteristic of intense thunderstorm environments."
ClH18.mp3,"Collisions between ice crystals and graupel within vigorous updrafts generate charge separation, initiating electrification processes that culminate in cloud-to-ground lightning."
ClH19.mp3,"High-resolution satellite sensors retrieve precise cloud-top temperatures and phase classifications, offering unprecedented insights into multilayer cloud system structure and evolution."
ClH20.mp3,"State-of-the-art numerical weather models embed sophisticated microphysics parameterisations, enabling more realistic simulations of cloud evolution and subsequent precipitation processes."
ClH21.mp3,"Noctilucent clouds develop within the mesosphere’s ultracold environment, where meteoric dust particles act as nuclei for ice crystal condensation lit by twilight."
ClH22.mp3,"Cloud feedback mechanisms remain a leading uncertainty in climate projections because their net radiative impact profoundly modulates future global warming trajectories.
ClH23.mp3,"Within extensive stratocumulus decks, coupled turbulent mixing and top-down radiative cooling organise individual cloud cells into striking honeycomb-like mesoscale patterns."
ClH24.mp3,"Airborne in-situ probes sample clouds directly, measuring droplet size spectra and liquid water content vital for validating microphysical parameterisations."
ClH25.mp3,"Glaciation in mixed-phase clouds—where supercooled droplets abruptly freeze—catalyses precipitation initiation, playing a pivotal role within many mid-latitude weather systems."
ClH26.mp3,"Doppler radar scans expose intricate internal cloud dynamics, documenting rotation, convergent inflows, and descending downdraft cores hidden within convective storms."
ClH27.mp3,"Cloud optical properties—including albedo—depend strongly on droplet concentration, size distribution, overall layer thickness, and mixing state of embedded aerosols."
ClH28.mp3,"Heterogeneous freezing within mixed-phase clouds permits simultaneous presence of supercooled droplets and ice crystals, modulating collision efficiencies and subsequent rainfall rates."
ClH29.mp3,"Convective cloud populations sometimes display self-organised criticality: minor microphysical perturbations trigger cascading adjustments, producing dramatic fluctuations in rainfall intensity."
ClH30.mp3,"Researchers deploy high-resolution computational fluid dynamics simulations to capture turbulent eddies, vortex structures, and moisture exchanges developing inside complex cloud systems."
